Pre-alert DateTime UTC,Post-alert DateTime UTC,Alert Duration (seconds),Detected Object Type,Object Location X (px),Object Location Y (px),Predicted Future Location X (px),Predicted Future Location Y (px),Hazard Time Since Start (seconds),Alert Type,Center Area Top-Left X (px),Center Area Top-Left Y (px),Center Area Bottom-Right X (px),Center Area Bottom-Right Y (px)
1714490920.8773155,1714490925.3306165,4.453300952911377,sports ball,1040,225,1106,158,9.421412467956543,Nearness,320,200,960,600
1714490925.4023905,1714490929.5947223,4.192331790924072,sports ball,1040,225,1024,240,13.685518264770508,Nearness,320,200,960,600
1714491005.5015225,1714491005.5015225,0.0,sports ball,1040,225,1106,158,5.49487566947937,Nearness,320,200,960,600
1714491005.5765224,1714491005.5765224,0.0,sports ball,1040,225,1024,240,5.569875478744507,Nearness,320,200,960,600
1714491005.6476376,1714491005.6476376,0.0,sports ball,1040,225,1016,249,5.640990734100342,Nearness,320,200,960,600
1714491005.716633,1714491005.716633,0.0,sports ball,1025,238,1024,240,5.709986209869385,Nearness,320,200,960,600
1714491005.7806334,1714491005.7806334,0.0,sports ball,1025,238,1014,248,5.773986577987671,Nearness,320,200,960,600
1714491005.8448145,1714491005.8448145,0.0,sports ball,1025,238,1016,245,5.838167667388916,Nearness,320,200,960,600
1714491005.9168453,1714491005.9168453,0.0,sports ball,1025,238,1020,241,5.910198450088501,Nearness,320,200,960,600
1714491005.982726,1714491005.982726,0.0,sports ball,1025,238,1023,239,5.976079225540161,Nearness,320,200,960,600
1714491006.0512705,1714491006.0512705,0.0,frisbee,1000,264,1067,197,6.044623613357544,center,320,200,960,600
1714491006.1172705,1714491006.1172705,0.0,frisbee,1000,264,986,277,6.110623598098755,center,320,200,960,600
1714491006.1802726,1714491006.1802726,0.0,frisbee,1000,264,976,287,6.173625707626343,center,320,200,960,600
1714491006.2452734,1714491006.2452734,0.0,frisbee,1000,264,984,279,6.238626480102539,center,320,200,960,600
1714491006.3162704,1714491006.3162704,0.0,frisbee,973,291,992,271,6.30962347984314,center,320,200,960,600
1714491006.3172703,1714491006.3172703,0.0,sports ball,973,292,1024,238,6.310623407363892,center,320,200,960,600
1714491006.3865857,1714491006.3865857,0.0,frisbee,973,291,963,300,6.379938840866089,center,320,200,960,600
1714491006.3875859,1714491006.3875859,0.0,sports ball,973,292,960,305,6.38093900680542,center,320,200,960,600
1714491006.4583073,1714491006.4583073,0.0,frisbee,973,291,962,301,6.451660394668579,center,320,200,960,600
1714491006.4593039,1714491006.4593039,0.0,sports ball,973,292,954,311,6.452656984329224,center,320,200,960,600
1714491006.5319674,1714491006.5319674,0.0,sports ball,959,304,961,304,6.525320529937744,center,320,200,960,600
1714491006.6039705,1714491006.6039705,0.0,sports ball,959,304,949,312,6.597323656082153,center,320,200,960,600
1714491006.6747382,1714491006.6747382,0.0,sports ball,946,318,951,310,6.668091297149658,center,320,200,960,600
1714491006.7437363,1714491006.7437363,0.0,sports ball,946,318,938,324,6.737089395523071,center,320,200,960,600
1714491006.8134785,1714491006.8134785,0.0,sports ball,946,318,939,324,6.80683159828186,center,320,200,960,600
1714491006.8808932,1714491006.8808932,0.0,frisbee,933,331,966,297,6.87424635887146,center,320,200,960,600
1714491006.9537494,1714491006.9537494,0.0,frisbee,933,331,920,343,6.9471025466918945,center,320,200,960,600
1714491007.0257494,1714491007.0257494,0.0,frisbee,933,331,917,346,7.019102573394775,center,320,200,960,600
1714491007.0947506,1714491007.0947506,0.0,frisbee,933,331,923,340,7.088103771209717,center,320,200,960,600
1714491007.1627498,1714491007.1627498,0.0,frisbee,906,357,928,335,7.156102895736694,center,320,200,960,600
1714491007.2357495,1714491007.2357495,0.0,frisbee,906,357,897,364,7.229102611541748,center,320,200,960,600
1714491007.3034544,1714491007.3034544,0.0,frisbee,906,357,895,366,7.296807527542114,center,320,200,960,600
1714491007.3674543,1714491007.3674543,0.0,sports ball,893,371,942,321,7.360807418823242,center,320,200,960,600
1714491007.4394538,1714491007.4394538,0.0,sports ball,893,371,878,385,7.432806968688965,center,320,200,960,600
1714491007.5054543,1714491007.5054543,0.0,sports ball,893,371,873,390,7.498807430267334,center,320,200,960,600
1714491007.5714564,1714491007.5714564,0.0,sports ball,893,371,880,383,7.564809560775757,center,320,200,960,600
1714491007.643457,1714491007.643457,0.0,sports ball,893,371,887,376,7.636810064315796,center,320,200,960,600
1714491007.7154577,1714491007.7154577,0.0,frisbee,866,397,899,363,7.708810806274414,center,320,200,960,600
1714491007.788183,1714491007.788183,0.0,frisbee,866,397,853,409,7.781536102294922,center,320,200,960,600
1714491007.8585508,1714491007.8585508,0.0,frisbee,866,397,850,412,7.851903915405273,center,320,200,960,600
1714491007.9237876,1714491007.9237876,0.0,frisbee,866,397,856,406,7.91714072227478,center,320,200,960,600
1714491007.9948997,1714491007.9948997,0.0,frisbee,840,424,861,401,7.988252878189087,center,320,200,960,600
1714491008.0677695,1714491008.0677695,0.0,frisbee,840,424,832,432,8.06112265586853,center,320,200,960,600
1714491008.1313539,1714491008.1313539,0.0,frisbee,840,424,830,434,8.124706983566284,center,320,200,960,600
1714491008.1980102,1714491008.1980102,0.0,sports ball,826,439,890,373,8.191363334655762,center,320,200,960,600
1714491008.2603972,1714491008.2603972,0.0,sports ball,826,439,809,456,8.253750324249268,center,320,200,960,600
1714491008.3308961,1714491008.3308961,0.0,sports ball,826,439,801,463,8.324249267578125,center,320,200,960,600
1714491008.3988965,1714491008.3988965,0.0,sports ball,826,439,810,454,8.392249584197998,center,320,200,960,600
1714491008.4713616,1714491008.4713616,0.0,sports ball,826,439,818,446,8.464714765548706,center,320,200,960,600
1714491008.5398386,1714491008.5398386,0.0,frisbee,800,464,833,430,8.533191680908203,center,320,200,960,600
1714491008.6098692,1714491008.6098692,0.0,frisbee,800,464,787,476,8.603222370147705,center,320,200,960,600
1714491008.6808689,1714491008.6808689,0.0,frisbee,800,464,784,479,8.674221992492676,center,320,200,960,600
1714491008.7489026,1714491008.7489026,0.0,frisbee,800,464,790,473,8.742255687713623,center,320,200,960,600
1714491008.818485,1714491008.818485,0.0,frisbee,773,491,795,468,8.811838150024414,center,320,200,960,600
1714491008.890485,1714491008.890485,0.0,frisbee,773,491,764,499,8.883838176727295,center,320,200,960,600
1714491008.9626157,1714491008.9626157,0.0,frisbee,773,491,762,501,8.955968856811523,center,320,200,960,600
1714491009.028629,1714491009.028629,0.0,sports ball,759,504,823,441,9.021982192993164,center,320,200,960,600
1714491009.0939972,1714491009.0939972,0.0,sports ball,759,504,741,520,9.087350368499756,center,320,200,960,600
1714491009.1749573,1714491009.1749573,0.0,sports ball,759,504,734,527,9.168310403823853,center,320,200,960,600
1714491009.2529619,1714491009.2529619,0.0,sports ball,759,504,743,518,9.246315002441406,center,320,200,960,600
1714491009.3202145,1714491009.3202145,0.0,sports ball,759,504,751,511,9.313567638397217,center,320,200,960,600
1714491009.3915715,1714491009.3915715,0.0,sports ball,732,531,756,506,9.38492465019226,center,320,200,960,600
1714491009.39257,1714491009.39257,0.0,frisbee,732,532,766,497,9.385923147201538,center,320,200,960,600
1714491009.4645796,1714491009.4645796,0.0,sports ball,732,531,724,538,9.457932710647583,center,320,200,960,600
1714491009.4658892,1714491009.4658892,0.0,frisbee,732,532,719,544,9.459242343902588,center,320,200,960,600
1714491009.5405588,1714491009.5405588,0.0,sports ball,719,545,722,540,9.533911943435669,center,320,200,960,600
1714491009.5415604,1714491009.5415604,0.0,frisbee,719,544,716,547,9.534913539886475,center,320,200,960,600
1714491009.6081903,1714491009.6081903,0.0,sports ball,719,545,709,554,9.601543426513672,center,320,200,960,600
1714491009.6091905,1714491009.6091905,0.0,frisbee,719,544,706,556,9.602543592453003,center,320,200,960,600
1714491009.6729126,1714491009.6729126,0.0,sports ball,706,558,711,552,9.666265726089478,center,320,200,960,600
1714491009.7402494,1714491009.7402494,0.0,sports ball,706,558,698,565,9.733602523803711,center,320,200,960,600
1714491009.8081322,1714491009.8081322,0.0,sports ball,706,558,699,564,9.801485300064087,center,320,200,960,600
1714491009.8814194,1714491009.8814194,0.0,sports ball,692,571,702,561,9.874772548675537,center,320,200,960,600
1714491009.9558074,1714491009.9558074,0.0,sports ball,692,571,687,575,9.9491605758667,center,320,200,960,600
1714491010.0288072,1714491010.0288072,0.0,sports ball,692,571,686,576,10.022160291671753,center,320,200,960,600
1714491010.1018107,1714491010.1018107,0.0,sports ball,692,571,688,574,10.095163822174072,center,320,200,960,600
1714491010.1685266,1714491010.1685266,0.0,sports ball,692,571,690,572,10.161879777908325,center,320,200,960,600
1714491010.2401264,1714491010.2401264,0.0,frisbee,679,584,709,552,10.233479499816895,center,320,200,960,600
1714491010.3158708,1714491010.3158708,0.0,frisbee,679,584,664,598,10.309223890304565,center,320,200,960,600
1714491010.392868,1714491010.392868,0.0,sports ball,652,612,691,571,10.386221170425415,center,320,200,960,600
1714491010.3938682,1714491010.3938682,0.0,frisbee,653,610,662,600,10.387221336364746,center,320,200,960,600
1714491010.463872,1714491010.463872,0.0,sports ball,652,612,642,622,10.45722508430481,center,320,200,960,600
1714491010.4651186,1714491010.4651186,0.0,frisbee,653,610,636,626,10.458471775054932,center,320,200,960,600
1714491010.5309284,1714491010.5309284,0.0,sports ball,639,624,637,626,10.52428150177002,center,320,200,960,600
1714491010.5324357,1714491010.5324357,0.0,frisbee,639,625,639,623,10.5257887840271,center,320,200,960,600
1714491010.6045234,1714491010.6045234,0.0,sports ball,639,624,626,636,10.59787654876709,center,320,200,960,600
1714491010.6059806,1714491010.6059806,0.0,frisbee,639,625,627,636,10.599333763122559,center,320,200,960,600
1714491010.6777494,1714491010.6777494,0.0,sports ball,639,624,629,632,10.671102523803711,center,320,200,960,600
1714491010.6787493,1714491010.6787493,0.0,frisbee,639,625,630,633,10.672102451324463,center,320,200,960,600
1714491010.746191,1714491010.746191,0.0,sports ball,626,638,634,628,10.739544153213501,center,320,200,960,600
1714491010.8185186,1714491010.8185186,0.0,sports ball,626,638,620,643,10.811871767044067,center,320,200,960,600
1714491010.8895926,1714491010.8895926,0.0,sports ball,626,638,620,643,10.882945775985718,center,320,200,960,600
1714491010.956402,1714491010.956402,0.0,sports ball,626,638,622,641,10.949755191802979,center,320,200,960,600
1714491011.028414,1714491011.028414,0.0,sports ball,626,638,624,639,11.021767139434814,center,320,200,960,600
1714491011.1010795,1714491011.1010795,0.0,frisbee,613,651,634,629,11.094432592391968,Nearness,320,200,960,600
1714491011.1030793,1714491011.1030793,0.0,sports ball,613,651,625,638,11.096432447433472,Nearness,320,200,960,600
1714491011.175083,1714491011.175083,0.0,frisbee,613,651,604,659,11.168436050415039,Nearness,320,200,960,600
1714491011.1760807,1714491011.1760807,0.0,sports ball,613,651,609,654,11.169433832168579,Nearness,320,200,960,600
1714491011.2417796,1714491011.2417796,0.0,frisbee,586,677,602,661,11.235132694244385,Nearness,320,200,960,600
1714491011.2427795,1714491011.2427795,0.0,sports ball,586,678,608,655,11.236132621765137,Nearness,320,200,960,600
1714491011.3107731,1714491011.3107731,0.0,frisbee,586,677,573,689,11.304126262664795,Nearness,320,200,960,600
1714491011.3117733,1714491011.3117733,0.0,sports ball,586,678,576,687,11.305126428604126,Nearness,320,200,960,600
1714491013.019233,1714491013.019233,0.0,frisbee,453,677,460,704,13.012586116790771,Nearness,320,200,960,600
1714491013.020233,1714491013.020233,0.0,sports ball,453,678,462,687,13.013586044311523,Nearness,320,200,960,600
1714491013.0902395,1714491013.0902395,0.0,frisbee,453,677,437,670,13.083592653274536,Nearness,320,200,960,600
1714491013.0912337,1714491013.0912337,0.0,sports ball,453,678,448,673,13.08458685874939,Nearness,320,200,960,600
1714491013.1635568,1714491013.1635568,0.0,frisbee,453,677,440,666,13.156909942626953,Nearness,320,200,960,600
1714491013.164559,1714491013.164559,0.0,sports ball,453,678,447,672,13.157912015914917,Nearness,320,200,960,600
1714491013.23296,1714491013.23296,0.0,sports ball,426,650,449,674,13.22631311416626,Nearness,320,200,960,600
1714491013.234085,1714491013.234085,0.0,frisbee,426,651,446,670,13.22743821144104,Nearness,320,200,960,600
1714491013.2995076,1714491013.2995076,0.0,sports ball,426,650,418,641,13.292860746383667,Nearness,320,200,960,600
1714491013.300508,1714491013.300508,0.0,frisbee,426,651,416,641,13.293861150741577,Nearness,320,200,960,600
1714491013.368446,1714491013.368446,0.0,frisbee,412,638,415,640,13.361799240112305,center,320,200,960,600
1714491013.4424443,1714491013.4424443,0.0,frisbee,412,638,402,628,13.435797452926636,center,320,200,960,600
1714491013.5131845,1714491013.5131845,0.0,frisbee,412,638,403,630,13.506537675857544,center,320,200,960,600
1714491013.5821836,1714491013.5821836,0.0,frisbee,412,638,407,633,13.575536727905273,center,320,200,960,600
1714491013.647007,1714491013.647007,0.0,frisbee,412,638,410,636,13.640360116958618,center,320,200,960,600
1714491013.7062032,1714491013.7062032,0.0,sports ball,399,624,415,639,13.699556350708008,center,320,200,960,600
1714491013.7768896,1714491013.7768896,0.0,sports ball,399,624,386,611,13.770242691040039,center,320,200,960,600
1714491013.848894,1714491013.848894,0.0,sports ball,373,598,386,611,13.842247009277344,center,320,200,960,600
1714491013.923009,1714491013.923009,0.0,sports ball,373,598,359,584,13.916362047195435,center,320,200,960,600
1714491013.9895327,1714491013.9895327,0.0,sports ball,373,598,360,585,13.982885837554932,center,320,200,960,600
1714491014.060547,1714491014.060547,0.0,frisbee,359,584,411,637,14.053900241851807,center,320,200,960,600
1714491014.1256623,1714491014.1256623,0.0,frisbee,359,584,345,570,14.119015455245972,center,320,200,960,600
1714491014.1968045,1714491014.1968045,0.0,frisbee,359,584,339,564,14.190157651901245,center,320,200,960,600
1714491014.2689407,1714491014.2689407,0.0,frisbee,359,584,346,571,14.262293815612793,center,320,200,960,600
1714491014.333773,1714491014.333773,0.0,frisbee,359,584,353,578,14.327126026153564,center,320,200,960,600
1714491014.3979125,1714491014.3979125,0.0,sports ball,332,558,365,590,14.391265630722046,center,320,200,960,600
1714491014.4666095,1714491014.4666095,0.0,sports ball,332,558,318,545,14.459962606430054,center,320,200,960,600
1714491014.5360205,1714491014.5360205,0.0,sports ball,319,545,316,542,14.52937364578247,center,320,200,960,600
1714491014.6068454,1714491014.6068454,0.0,sports ball,319,545,306,532,14.60019850730896,center,320,200,960,600
1714491014.6748462,1714491014.6748462,0.0,sports ball,306,531,309,535,14.668199300765991,center,320,200,960,600
1714491014.7491038,1714491014.7491038,0.0,sports ball,306,531,298,522,14.742456912994385,center,320,200,960,600
1714491014.8141391,1714491014.8141391,0.0,sports ball,306,531,299,524,14.80749225616455,center,320,200,960,600
1714491014.8861394,1714491014.8861394,0.0,frisbee,293,517,356,581,14.87949252128601,center,320,200,960,600
1714491014.9541218,1714491014.9541218,0.0,frisbee,293,517,276,500,14.947474956512451,center,320,200,960,600
1714491015.0271258,1714491015.0271258,0.0,frisbee,293,517,268,492,15.020478963851929,center,320,200,960,600
1714491015.0871234,1714491015.0871234,0.0,frisbee,293,517,277,501,15.080476522445679,center,320,200,960,600
1714491015.1585093,1714491015.1585093,0.0,frisbee,293,517,285,509,15.151862382888794,center,320,200,960,600
1714491015.2277746,1714491015.2277746,0.0,frisbee,266,491,290,514,15.22112774848938,Nearness,320,200,960,600
1714491015.228775,1714491015.228775,0.0,sports ball,266,491,302,527,15.22212815284729,Nearness,320,200,960,600
1714491015.2947884,1714491015.2947884,0.0,frisbee,266,491,258,483,15.28814148902893,Nearness,320,200,960,600
1714491015.2957854,1714491015.2957854,0.0,sports ball,266,491,254,479,15.289138555526733,Nearness,320,200,960,600
1714491015.35784,1714491015.35784,0.0,sports ball,252,478,250,475,15.351193189620972,Nearness,320,200,960,600
1714491015.4251375,1714491015.4251375,0.0,sports ball,252,478,239,465,15.418490648269653,Nearness,320,200,960,600
1714491015.4971797,1714491015.4971797,0.0,sports ball,239,464,242,468,15.490532875061035,Nearness,320,200,960,600
1714491015.5665762,1714491015.5665762,0.0,sports ball,239,464,230,455,15.559929370880127,Nearness,320,200,960,600
1714491015.637201,1714491015.637201,0.0,sports ball,239,464,232,457,15.63055419921875,Nearness,320,200,960,600
1714491015.7059915,1714491015.7059915,0.0,sports ball,239,464,235,460,15.699344635009766,Nearness,320,200,960,600
1714491015.7740347,1714491015.7740347,0.0,sports ball,239,464,237,462,15.767387866973877,Nearness,320,200,960,600
1714491019.6538713,1714491019.6538713,0.0,frisbee,173,132,150,153,19.64722442626953,Nearness,320,200,960,600
1714491019.7243164,1714491019.7243164,0.0,frisbee,173,132,182,122,19.71766948699951,Nearness,320,200,960,600
1714491019.7914429,1714491019.7914429,0.0,frisbee,173,132,184,121,19.784795999526978,Nearness,320,200,960,600
1714491087.80079,1714491087.80079,0.0,sports ball,1040,225,1106,158,5.4578776359558105,Nearness,320,200,960,600
1714491087.87379,1714491087.87379,0.0,sports ball,1040,225,1024,240,5.530877590179443,Nearness,320,200,960,600
1714491087.9434772,1714491087.9434772,0.0,sports ball,1040,225,1016,249,5.60056471824646,Nearness,320,200,960,600
1714491088.0112448,1714491088.0112448,0.0,sports ball,1025,238,1024,240,5.66833233833313,Nearness,320,200,960,600
1714491088.084451,1714491088.084451,0.0,sports ball,1025,238,1014,248,5.7415385246276855,Nearness,320,200,960,600
1714491088.1601076,1714491088.1601076,0.0,sports ball,1025,238,1016,245,5.817195177078247,Nearness,320,200,960,600
1714491088.2326128,1714491088.2326128,0.0,sports ball,1025,238,1020,241,5.889700412750244,Nearness,320,200,960,600
1714491088.306078,1714491088.306078,0.0,sports ball,1025,238,1023,239,5.963165521621704,Nearness,320,200,960,600
1714491088.3798845,1714491088.3798845,0.0,frisbee,1000,264,1067,197,6.0369720458984375,center,320,200,960,600
1714491088.449887,1714491088.449887,0.0,frisbee,1000,264,986,277,6.1069746017456055,center,320,200,960,600
1714491088.5228875,1714491088.5228875,0.0,frisbee,1000,264,976,287,6.1799750328063965,center,320,200,960,600
1714491088.5948892,1714491088.5948892,0.0,frisbee,1000,264,984,279,6.251976728439331,center,320,200,960,600
1714491088.6663427,1714491088.6663427,0.0,frisbee,973,291,992,271,6.323430299758911,center,320,200,960,600
1714491088.6673417,1714491088.6673417,0.0,sports ball,973,292,1024,238,6.324429273605347,center,320,200,960,600
1714491088.7375262,1714491088.7375262,0.0,frisbee,973,291,963,300,6.394613742828369,center,320,200,960,600
1714491088.738526,1714491088.738526,0.0,sports ball,973,292,960,305,6.395613670349121,center,320,200,960,600
1714491088.8055315,1714491088.8055315,0.0,frisbee,973,291,962,301,6.462619066238403,center,320,200,960,600
1714491088.806537,1714491088.806537,0.0,sports ball,973,292,954,311,6.463624477386475,center,320,200,960,600
1714491088.8775306,1714491088.8775306,0.0,sports ball,959,304,961,304,6.534618139266968,center,320,200,960,600
1714491088.9488993,1714491088.9488993,0.0,sports ball,959,304,949,312,6.605986833572388,center,320,200,960,600
1714491089.0229013,1714491089.0229013,0.0,sports ball,946,318,951,310,6.679988861083984,center,320,200,960,600
1714491089.0928957,1714491089.0928957,0.0,sports ball,946,318,938,324,6.749983310699463,center,320,200,960,600
1714491089.1659062,1714491089.1659062,0.0,sports ball,946,318,939,324,6.822993755340576,center,320,200,960,600
1714491089.2399058,1714491089.2399058,0.0,frisbee,933,331,966,297,6.896993398666382,center,320,200,960,600
1714491089.3094203,1714491089.3094203,0.0,frisbee,933,331,920,343,6.966507911682129,center,320,200,960,600
1714491089.3793726,1714491089.3793726,0.0,frisbee,933,331,917,346,7.0364601612091064,center,320,200,960,600
1714491089.4471598,1714491089.4471598,0.0,frisbee,933,331,923,340,7.104247331619263,center,320,200,960,600
1714491089.5073178,1714491089.5073178,0.0,frisbee,906,357,928,335,7.164405345916748,center,320,200,960,600
1714491089.5816178,1714491089.5816178,0.0,frisbee,906,357,897,364,7.238705396652222,center,320,200,960,600
1714491089.653602,1714491089.653602,0.0,frisbee,906,357,895,366,7.310689449310303,center,320,200,960,600
1714491089.7246025,1714491089.7246025,0.0,sports ball,893,371,942,321,7.38169002532959,center,320,200,960,600
1714491089.7925532,1714491089.7925532,0.0,sports ball,893,371,878,385,7.44964075088501,center,320,200,960,600
1714491089.866553,1714491089.866553,0.0,sports ball,893,371,873,390,7.5236406326293945,center,320,200,960,600
1714491089.9405568,1714491089.9405568,0.0,sports ball,893,371,880,383,7.597644329071045,center,320,200,960,600
1714491090.0107627,1714491090.0107627,0.0,sports ball,893,371,887,376,7.6678502559661865,center,320,200,960,600
1714491090.078984,1714491090.078984,0.0,frisbee,866,397,899,363,7.736071586608887,center,320,200,960,600
1714491090.1429842,1714491090.1429842,0.0,frisbee,866,397,853,409,7.800071716308594,center,320,200,960,600
1714491090.2150211,1714491090.2150211,0.0,frisbee,866,397,850,412,7.872108697891235,center,320,200,960,600
1714491090.2881236,1714491090.2881236,0.0,frisbee,866,397,856,406,7.945211172103882,center,320,200,960,600
1714491090.3584204,1714491090.3584204,0.0,frisbee,840,424,861,401,8.015507936477661,center,320,200,960,600
1714491090.4317906,1714491090.4317906,0.0,frisbee,840,424,832,432,8.088878154754639,center,320,200,960,600
1714491090.505862,1714491090.505862,0.0,frisbee,840,424,830,434,8.162949562072754,center,320,200,960,600
1714491090.5733154,1714491090.5733154,0.0,sports ball,826,439,890,373,8.230402946472168,center,320,200,960,600
1714491090.6473765,1714491090.6473765,0.0,sports ball,826,439,809,456,8.304464101791382,center,320,200,960,600
1714491090.7179222,1714491090.7179222,0.0,sports ball,826,439,801,463,8.375009775161743,center,320,200,960,600
1714491090.7849247,1714491090.7849247,0.0,sports ball,826,439,810,454,8.442012310028076,center,320,200,960,600
1714491090.8561106,1714491090.8561106,0.0,sports ball,826,439,818,446,8.513198137283325,center,320,200,960,600
1714491090.9252124,1714491090.9252124,0.0,frisbee,800,464,833,430,8.582299947738647,center,320,200,960,600
1714491090.998234,1714491090.998234,0.0,frisbee,800,464,787,476,8.655321598052979,center,320,200,960,600
1714491091.0716884,1714491091.0716884,0.0,frisbee,800,464,784,479,8.728775978088379,center,320,200,960,600
1714491091.1461484,1714491091.1461484,0.0,frisbee,800,464,790,473,8.80323600769043,center,320,200,960,600
1714491091.22357,1714491091.22357,0.0,frisbee,773,491,795,468,8.88065767288208,center,320,200,960,600
1714491091.29002,1714491091.29002,0.0,frisbee,773,491,764,499,8.947107553482056,center,320,200,960,600
1714491091.3633883,1714491091.3633883,0.0,frisbee,773,491,762,501,9.0204758644104,center,320,200,960,600
1714491091.4323866,1714491091.4323866,0.0,sports ball,759,504,823,441,9.089474201202393,center,320,200,960,600
1714491091.495798,1714491091.495798,0.0,sports ball,759,504,741,520,9.152885675430298,center,320,200,960,600
1714491091.5677953,1714491091.5677953,0.0,sports ball,759,504,734,527,9.22488284111023,center,320,200,960,600
1714491091.6367922,1714491091.6367922,0.0,sports ball,759,504,743,518,9.293879747390747,center,320,200,960,600
1714491091.707696,1714491091.707696,0.0,sports ball,759,504,751,511,9.364783525466919,center,320,200,960,600
1714491091.7787008,1714491091.7787008,0.0,sports ball,732,531,756,506,9.43578839302063,center,320,200,960,600
1714491091.7797031,1714491091.7797031,0.0,frisbee,732,532,766,497,9.436790704727173,center,320,200,960,600
1714491091.8477,1714491091.8477,0.0,sports ball,732,531,724,538,9.504787683486938,center,320,200,960,600
1714491091.8487039,1714491091.8487039,0.0,frisbee,732,532,719,544,9.505791425704956,center,320,200,960,600
1714491091.9112413,1714491091.9112413,0.0,sports ball,719,545,722,540,9.568328857421875,center,320,200,960,600
1714491091.9122386,1714491091.9122386,0.0,frisbee,719,544,716,547,9.569326162338257,center,320,200,960,600
1714491091.9832416,1714491091.9832416,0.0,sports ball,719,545,709,554,9.640329122543335,center,320,200,960,600
1714491091.985242,1714491091.985242,0.0,frisbee,719,544,706,556,9.642329454421997,center,320,200,960,600
1714491092.053242,1714491092.053242,0.0,sports ball,706,558,711,552,9.710329532623291,center,320,200,960,600
1714491092.1206813,1714491092.1206813,0.0,sports ball,706,558,698,565,9.777768850326538,center,320,200,960,600
1714491092.1901574,1714491092.1901574,0.0,sports ball,706,558,699,564,9.84724497795105,center,320,200,960,600
1714491092.2588372,1714491092.2588372,0.0,sports ball,692,571,702,561,9.915924787521362,center,320,200,960,600
1714491092.3276653,1714491092.3276653,0.0,sports ball,692,571,687,575,9.984752893447876,center,320,200,960,600
1714491092.3928201,1714491092.3928201,0.0,sports ball,692,571,686,576,10.049907684326172,center,320,200,960,600
1714491092.4537723,1714491092.4537723,0.0,sports ball,692,571,688,574,10.110859870910645,center,320,200,960,600
1714491092.5236323,1714491092.5236323,0.0,sports ball,692,571,690,572,10.18071985244751,center,320,200,960,600
1714491092.5927677,1714491092.5927677,0.0,frisbee,679,584,709,552,10.249855279922485,center,320,200,960,600
1714491092.6614068,1714491092.6614068,0.0,frisbee,679,584,664,598,10.318494319915771,center,320,200,960,600
1714491092.7383993,1714491092.7383993,0.0,sports ball,652,612,691,571,10.395486831665039,center,320,200,960,600
1714491092.7396514,1714491092.7396514,0.0,frisbee,653,610,662,600,10.39673900604248,center,320,200,960,600
1714491092.8077633,1714491092.8077633,0.0,sports ball,652,612,642,622,10.464850902557373,center,320,200,960,600
1714491092.8087711,1714491092.8087711,0.0,frisbee,653,610,636,626,10.465858697891235,center,320,200,960,600
1714491092.8832846,1714491092.8832846,0.0,sports ball,639,624,637,626,10.540372133255005,center,320,200,960,600
1714491092.884283,1714491092.884283,0.0,frisbee,639,625,639,623,10.541370630264282,center,320,200,960,600
1714491092.9563031,1714491092.9563031,0.0,sports ball,639,624,626,636,10.613390684127808,center,320,200,960,600
1714491092.9573002,1714491092.9573002,0.0,frisbee,639,625,627,636,10.61438775062561,center,320,200,960,600
1714491093.0254104,1714491093.0254104,0.0,sports ball,639,624,629,632,10.68249797821045,center,320,200,960,600
1714491093.02641,1714491093.02641,0.0,frisbee,639,625,630,633,10.683497667312622,center,320,200,960,600
1714491093.0986648,1714491093.0986648,0.0,sports ball,626,638,634,628,10.755752325057983,center,320,200,960,600
1714491093.1689653,1714491093.1689653,0.0,sports ball,626,638,620,643,10.826052904129028,center,320,200,960,600
1714491093.2399652,1714491093.2399652,0.0,sports ball,626,638,620,643,10.897052764892578,center,320,200,960,600
1714491093.3128445,1714491093.3128445,0.0,sports ball,626,638,622,641,10.969932079315186,center,320,200,960,600
1714491093.382851,1714491093.382851,0.0,sports ball,626,638,624,639,11.03993844985962,center,320,200,960,600
1714491093.4558444,1714491093.4558444,0.0,frisbee,613,651,634,629,11.112931966781616,Nearness,320,200,960,600
1714491093.4568439,1714491093.4568439,0.0,sports ball,613,651,625,638,11.11393141746521,Nearness,320,200,960,600
1714491093.5261743,1714491093.5261743,0.0,frisbee,613,651,604,659,11.18326187133789,Nearness,320,200,960,600
1714491093.5271788,1714491093.5271788,0.0,sports ball,613,651,609,654,11.184266328811646,Nearness,320,200,960,600
1714491093.6001728,1714491093.6001728,0.0,frisbee,586,677,602,661,11.2572603225708,Nearness,320,200,960,600
1714491093.6011722,1714491093.6011722,0.0,sports ball,586,678,608,655,11.258259773254395,Nearness,320,200,960,600
1714491093.667418,1714491093.667418,0.0,frisbee,586,677,573,689,11.32450556755066,Nearness,320,200,960,600
1714491093.6684206,1714491093.6684206,0.0,sports ball,586,678,576,687,11.325508117675781,Nearness,320,200,960,600
1714491095.4179542,1714491095.4179542,0.0,frisbee,453,677,460,704,13.075041770935059,Nearness,320,200,960,600
1714491095.4189532,1714491095.4189532,0.0,sports ball,453,678,462,687,13.076040744781494,Nearness,320,200,960,600
1714491095.4893973,1714491095.4893973,0.0,frisbee,453,677,437,670,13.146484851837158,Nearness,320,200,960,600
1714491095.4903986,1714491095.4903986,0.0,sports ball,453,678,448,673,13.147486209869385,Nearness,320,200,960,600
1714491095.5544717,1714491095.5544717,0.0,frisbee,453,677,440,666,13.211559295654297,Nearness,320,200,960,600
1714491095.5549805,1714491095.5549805,0.0,sports ball,453,678,447,672,13.2120680809021,Nearness,320,200,960,600
1714491095.6239972,1714491095.6239972,0.0,sports ball,426,650,449,674,13.281084775924683,Nearness,320,200,960,600
1714491095.6249955,1714491095.6249955,0.0,frisbee,426,651,446,670,13.28208303451538,Nearness,320,200,960,600
1714491095.6939926,1714491095.6939926,0.0,sports ball,426,650,418,641,13.351080179214478,Nearness,320,200,960,600
1714491095.6949918,1714491095.6949918,0.0,frisbee,426,651,416,641,13.352079391479492,Nearness,320,200,960,600
1714491095.7654223,1714491095.7654223,0.0,frisbee,412,638,415,640,13.422509908676147,center,320,200,960,600
1714491095.8384225,1714491095.8384225,0.0,frisbee,412,638,402,628,13.49551010131836,center,320,200,960,600
1714491095.9014225,1714491095.9014225,0.0,frisbee,412,638,403,630,13.558510065078735,center,320,200,960,600
1714491095.9739866,1714491095.9739866,0.0,frisbee,412,638,407,633,13.63107419013977,center,320,200,960,600
1714491096.0463185,1714491096.0463185,0.0,frisbee,412,638,410,636,13.70340609550476,center,320,200,960,600
1714491096.116052,1714491096.116052,0.0,sports ball,399,624,415,639,13.773139476776123,center,320,200,960,600
1714491096.188849,1714491096.188849,0.0,sports ball,399,624,386,611,13.84593653678894,center,320,200,960,600
1714491096.2588482,1714491096.2588482,0.0,sports ball,373,598,386,611,13.915935754776001,center,320,200,960,600
1714491096.3195543,1714491096.3195543,0.0,sports ball,373,598,359,584,13.97664189338684,center,320,200,960,600
1714491096.3861942,1714491096.3861942,0.0,sports ball,373,598,360,585,14.04328179359436,center,320,200,960,600
1714491096.458186,1714491096.458186,0.0,frisbee,359,584,411,637,14.115273475646973,center,320,200,960,600
1714491096.5275555,1714491096.5275555,0.0,frisbee,359,584,345,570,14.184643030166626,center,320,200,960,600
1714491096.5962603,1714491096.5962603,0.0,frisbee,359,584,339,564,14.253347873687744,center,320,200,960,600
1714491096.668671,1714491096.668671,0.0,frisbee,359,584,346,571,14.325758457183838,center,320,200,960,600
1714491096.735926,1714491096.735926,0.0,frisbee,359,584,353,578,14.39301347732544,center,320,200,960,600
1714491096.8059196,1714491096.8059196,0.0,sports ball,332,558,365,590,14.46300721168518,center,320,200,960,600
1714491096.8732743,1714491096.8732743,0.0,sports ball,332,558,318,545,14.530361890792847,center,320,200,960,600
1714491096.941278,1714491096.941278,0.0,sports ball,319,545,316,542,14.598365545272827,center,320,200,960,600
1714491097.0091233,1714491097.0091233,0.0,sports ball,319,545,306,532,14.666210889816284,center,320,200,960,600
1714491097.0811875,1714491097.0811875,0.0,sports ball,306,531,309,535,14.738275051116943,center,320,200,960,600
1714491097.1483169,1714491097.1483169,0.0,sports ball,306,531,298,522,14.805404424667358,center,320,200,960,600
1714491097.2146235,1714491097.2146235,0.0,sports ball,306,531,299,524,14.871711015701294,center,320,200,960,600
1714491097.2806225,1714491097.2806225,0.0,frisbee,293,517,356,581,14.937710046768188,center,320,200,960,600
1714491097.3456826,1714491097.3456826,0.0,frisbee,293,517,276,500,15.002770185470581,center,320,200,960,600
1714491097.411233,1714491097.411233,0.0,frisbee,293,517,268,492,15.068320512771606,center,320,200,960,600
1714491097.4852357,1714491097.4852357,0.0,frisbee,293,517,277,501,15.14232325553894,center,320,200,960,600
1714491097.5545986,1714491097.5545986,0.0,frisbee,293,517,285,509,15.211686134338379,center,320,200,960,600
1714491097.6201637,1714491097.6201637,0.0,frisbee,266,491,290,514,15.277251243591309,Nearness,320,200,960,600
1714491097.6211538,1714491097.6211538,0.0,sports ball,266,491,302,527,15.278241395950317,Nearness,320,200,960,600
1714491097.6931522,1714491097.6931522,0.0,frisbee,266,491,258,483,15.350239753723145,Nearness,320,200,960,600
1714491097.6941538,1714491097.6941538,0.0,sports ball,266,491,254,479,15.35124135017395,Nearness,320,200,960,600
1714491097.765152,1714491097.765152,0.0,sports ball,252,478,250,475,15.422239542007446,Nearness,320,200,960,600
1714491097.8348498,1714491097.8348498,0.0,sports ball,252,478,239,465,15.491937398910522,Nearness,320,200,960,600
1714491097.9063523,1714491097.9063523,0.0,sports ball,239,464,242,468,15.563439846038818,Nearness,320,200,960,600
1714491097.9773538,1714491097.9773538,0.0,sports ball,239,464,230,455,15.634441375732422,Nearness,320,200,960,600
1714491098.0488312,1714491098.0488312,0.0,sports ball,239,464,232,457,15.705918788909912,Nearness,320,200,960,600
1714491098.1209836,1714491098.1209836,0.0,sports ball,239,464,235,460,15.778071165084839,Nearness,320,200,960,600
1714491098.1950324,1714491098.1950324,0.0,sports ball,239,464,237,462,15.85211992263794,Nearness,320,200,960,600
1714491102.1755733,1714491102.1755733,0.0,frisbee,173,132,150,153,19.832660913467407,Nearness,320,200,960,600
1714491102.2445693,1714491102.2445693,0.0,frisbee,173,132,182,122,19.90165686607361,Nearness,320,200,960,600
1714491102.3137586,1714491102.3137586,0.0,frisbee,173,132,184,121,19.97084617614746,Nearness,320,200,960,600
1714491103.000227,1714491103.000227,0.0,frisbee,239,144,216,114,20.65731453895569,Nearness,320,200,960,600
1714491103.0721517,1714491103.0721517,0.0,frisbee,239,144,247,150,20.729239225387573,Nearness,320,200,960,600
1714491103.142425,1714491103.142425,0.0,frisbee,239,144,249,153,20.7995126247406,Nearness,320,200,960,600
1714491103.2194204,1714491103.2194204,0.0,sports ball,252,158,158,145,20.876507997512817,Nearness,320,200,960,600
1714491103.285703,1714491103.285703,0.0,sports ball,252,158,285,150,20.942790508270264,Nearness,320,200,960,600
1714491103.3565195,1714491103.3565195,0.0,sports ball,252,158,293,154,21.013607025146484,Nearness,320,200,960,600
1714491103.4295201,1714491103.4295201,0.0,sports ball,252,158,277,156,21.086607694625854,Nearness,320,200,960,600
1714491103.4984605,1714491103.4984605,0.0,sports ball,252,158,263,157,21.155548095703125,Nearness,320,200,960,600
1714491103.5737097,1714491103.5737097,0.0,sports ball,279,185,256,157,21.230797290802002,center,320,200,960,600
1714491103.5748723,1714491103.5748723,0.0,frisbee,279,184,245,150,21.2319598197937,center,320,200,960,600
1714491103.6449509,1714491103.6449509,0.0,sports ball,279,185,286,191,21.302038431167603,center,320,200,960,600
1714491103.6459496,1714491103.6459496,0.0,frisbee,279,184,291,196,21.30303716659546,center,320,200,960,600
1714491103.7152514,1714491103.7152514,0.0,frisbee,293,197,294,199,21.372339010238647,center,320,200,960,600
1714491103.7862241,1714491103.7862241,0.0,frisbee,293,197,305,209,21.44331169128418,center,320,200,960,600
1714491103.8557904,1714491103.8557904,0.0,sports ball,306,211,288,194,21.512877941131592,center,320,200,960,600
1714491103.9255605,1714491103.9255605,0.0,sports ball,306,211,318,223,21.582648038864136,center,320,200,960,600
1714491103.9897423,1714491103.9897423,0.0,sports ball,306,211,318,223,21.646829843521118,center,320,200,960,600
1714491104.0637422,1714491104.0637422,0.0,frisbee,319,225,302,206,21.720829725265503,center,320,200,960,600
1714491104.0647423,1714491104.0647423,0.0,sports ball,320,226,313,218,21.721829891204834,center,320,200,960,600
1714491104.128156,1714491104.128156,0.0,frisbee,319,225,330,236,21.78524351119995,center,320,200,960,600
1714491104.129171,1714491104.129171,0.0,sports ball,320,226,326,232,21.786258459091187,center,320,200,960,600
1714491104.2025368,1714491104.2025368,0.0,frisbee,319,225,330,237,21.85962438583374,center,320,200,960,600
1714491104.2035995,1714491104.2035995,0.0,sports ball,320,226,326,232,21.860687017440796,center,320,200,960,600
1714491104.2714026,1714491104.2714026,0.0,frisbee,319,225,325,232,21.928490161895752,center,320,200,960,600
1714491104.2714026,1714491104.2714026,0.0,sports ball,320,226,323,229,21.928490161895752,center,320,200,960,600
1714491104.3408694,1714491104.3408694,0.0,frisbee,319,225,321,228,21.99795699119568,center,320,200,960,600
1714491104.3418753,1714491104.3418753,0.0,sports ball,320,226,321,227,21.998962879180908,center,320,200,960,600
1714491104.4133737,1714491104.4133737,0.0,frisbee,346,252,320,226,22.07046127319336,center,320,200,960,600
1714491104.414788,1714491104.414788,0.0,sports ball,346,251,320,226,22.07187557220459,center,320,200,960,600
1714491104.4861748,1714491104.4861748,0.0,frisbee,346,252,352,258,22.14326238632202,center,320,200,960,600
1714491104.4873223,1714491104.4873223,0.0,sports ball,346,251,352,257,22.144409894943237,center,320,200,960,600
1714491104.5547824,1714491104.5547824,0.0,frisbee,359,264,355,261,22.211869955062866,center,320,200,960,600
1714491104.6257832,1714491104.6257832,0.0,frisbee,359,264,368,273,22.282870769500732,center,320,200,960,600
1714491104.6999185,1714491104.6999185,0.0,sports ball,372,278,355,260,22.357006072998047,center,320,200,960,600
1714491104.770825,1714491104.770825,0.0,sports ball,372,278,384,290,22.42791247367859,center,320,200,960,600
1714491104.8409245,1714491104.8409245,0.0,sports ball,372,278,384,290,22.49801206588745,center,320,200,960,600
1714491104.9112387,1714491104.9112387,0.0,frisbee,386,291,366,271,22.568326234817505,center,320,200,960,600
1714491104.9122999,1714491104.9122999,0.0,sports ball,386,292,379,285,22.569387435913086,center,320,200,960,600
1714491104.9783115,1714491104.9783115,0.0,frisbee,386,291,396,301,22.635399103164673,center,320,200,960,600
1714491104.9794204,1714491104.9794204,0.0,sports ball,386,292,392,298,22.636507987976074,center,320,200,960,600
1714491105.0544536,1714491105.0544536,0.0,frisbee,386,291,397,302,22.711541175842285,center,320,200,960,600
1714491105.0555239,1714491105.0555239,0.0,sports ball,386,292,392,298,22.712611436843872,center,320,200,960,600
1714491105.1247551,1714491105.1247551,0.0,frisbee,386,291,392,297,22.781842708587646,center,320,200,960,600
1714491105.125755,1714491105.125755,0.0,sports ball,386,292,389,295,22.7828426361084,center,320,200,960,600
1714491105.19589,1714491105.19589,0.0,frisbee,386,291,389,294,22.852977514266968,center,320,200,960,600
1714491105.196932,1714491105.196932,0.0,sports ball,386,292,387,293,22.85401964187622,center,320,200,960,600
1714491105.2726405,1714491105.2726405,0.0,frisbee,399,304,387,292,22.929728031158447,center,320,200,960,600
1714491105.3700266,1714491105.3700266,0.0,frisbee,399,304,402,307,23.027114152908325,center,320,200,960,600
1714491105.4544466,1714491105.4544466,0.0,frisbee,426,331,403,308,23.111534118652344,center,320,200,960,600
1714491105.5304499,1714491105.5304499,0.0,frisbee,426,331,435,340,23.18753743171692,center,320,200,960,600
1714491105.601449,1714491105.601449,0.0,sports ball,439,344,386,292,23.25853657722473,center,320,200,960,600
1714491105.6846342,1714491105.6846342,0.0,sports ball,439,344,452,356,23.341721773147583,center,320,200,960,600
1714491105.7784457,1714491105.7784457,0.0,sports ball,439,344,458,362,23.43553328514099,center,320,200,960,600
1714491105.8788846,1714491105.8788846,0.0,frisbee,453,357,437,342,23.535972118377686,center,320,200,960,600
1714491105.978396,1714491105.978396,0.0,frisbee,453,357,466,370,23.635483503341675,center,320,200,960,600
1714491106.1554892,1714491106.1554892,0.0,frisbee,453,357,465,369,23.81257677078247,center,320,200,960,600
1714491106.2385452,1714491106.2385452,0.0,frisbee,453,357,460,364,23.89563274383545,center,320,200,960,600
1714491106.318235,1714491106.318235,0.0,frisbee,453,357,456,360,23.975322484970093,center,320,200,960,600
1714491106.3883252,1714491106.3883252,0.0,sports ball,466,371,451,355,24.04541277885437,center,320,200,960,600
1714491106.3893254,1714491106.3893254,0.0,frisbee,466,371,454,358,24.0464129447937,center,320,200,960,600
1714491106.4650967,1714491106.4650967,0.0,sports ball,466,371,478,383,24.12218427658081,center,320,200,960,600
1714491106.4660957,1714491106.4660957,0.0,frisbee,466,371,469,374,24.123183250427246,center,320,200,960,600
1714491106.5411994,1714491106.5411994,0.0,frisbee,493,397,470,376,24.19828701019287,center,320,200,960,600
1714491106.6152513,1714491106.6152513,0.0,frisbee,493,397,502,406,24.2723388671875,center,320,200,960,600
1714491106.6940389,1714491106.6940389,0.0,sports ball,506,411,478,382,24.351126432418823,center,320,200,960,600
1714491106.695039,1714491106.695039,0.0,frisbee,507,412,504,407,24.352126598358154,center,320,200,960,600
1714491106.7786064,1714491106.7786064,0.0,sports ball,506,411,522,427,24.435693979263306,center,320,200,960,600
1714491106.7796066,1714491106.7796066,0.0,frisbee,507,412,517,422,24.436694145202637,center,320,200,960,600
1714491106.8571124,1714491106.8571124,0.0,sports ball,506,411,523,428,24.51419997215271,center,320,200,960,600
1714491106.8591125,1714491106.8591125,0.0,frisbee,507,412,515,420,24.516200065612793,center,320,200,960,600
1714491106.938517,1714491106.938517,0.0,frisbee,520,424,511,416,24.59560465812683,center,320,200,960,600
1714491107.0251205,1714491107.0251205,0.0,frisbee,520,424,525,428,24.68220806121826,center,320,200,960,600
1714491107.1062694,1714491107.1062694,0.0,frisbee,520,424,525,429,24.763356924057007,center,320,200,960,600
1714491107.1912096,1714491107.1912096,0.0,frisbee,520,424,523,426,24.848297119140625,center,320,200,960,600
1714491107.2762096,1714491107.2762096,0.0,frisbee,520,424,521,425,24.933297157287598,center,320,200,960,600
1714491107.3649218,1714491107.3649218,0.0,sports ball,533,437,516,421,25.02200937271118,center,320,200,960,600
1714491107.3659203,1714491107.3659203,0.0,frisbee,533,437,520,424,25.02300786972046,center,320,200,960,600
1714491107.4409199,1714491107.4409199,0.0,sports ball,533,437,544,448,25.098007440567017,center,320,200,960,600
1714491107.44292,1714491107.44292,0.0,frisbee,533,437,536,440,25.1000075340271,center,320,200,960,600
1714491107.5119202,1714491107.5119202,0.0,frisbee,546,451,537,441,25.169007778167725,center,320,200,960,600
1714491107.587014,1714491107.587014,0.0,frisbee,546,451,552,457,25.244101524353027,center,320,200,960,600
1714491107.6598778,1714491107.6598778,0.0,sports ball,559,463,544,448,25.316965341567993,center,320,200,960,600
1714491107.7318742,1714491107.7318742,0.0,sports ball,559,463,572,475,25.388961791992188,center,320,200,960,600
1714491107.8028712,1714491107.8028712,0.0,sports ball,559,463,571,475,25.459958791732788,center,320,200,960,600
1714491107.8728707,1714491107.8728707,0.0,frisbee,586,491,552,457,25.529958248138428,center,320,200,960,600
1714491107.9433854,1714491107.9433854,0.0,frisbee,586,491,599,504,25.600472927093506,center,320,200,960,600
1714491108.0151253,1714491108.0151253,0.0,frisbee,599,504,602,507,25.672212839126587,center,320,200,960,600
1714491108.0161242,1714491108.0161242,0.0,sports ball,599,505,566,470,25.673211812973022,center,320,200,960,600
1714491108.0861251,1714491108.0861251,0.0,frisbee,599,504,611,517,25.743212699890137,center,320,200,960,600
1714491108.087126,1714491108.087126,0.0,sports ball,599,505,611,518,25.744213581085205,center,320,200,960,600
1714491108.1571226,1714491108.1571226,0.0,frisbee,599,504,608,513,25.814210176467896,center,320,200,960,600
1714491108.1581225,1714491108.1581225,0.0,sports ball,599,505,614,521,25.815210103988647,center,320,200,960,600
1714491108.2191806,1714491108.2191806,0.0,frisbee,599,504,603,508,25.87626814842224,center,320,200,960,600
1714491108.2202156,1714491108.2202156,0.0,sports ball,599,505,608,514,25.87730312347412,center,320,200,960,600
1714491108.2903404,1714491108.2903404,0.0,frisbee,599,504,600,505,25.947427988052368,center,320,200,960,600
1714491108.2913442,1714491108.2913442,0.0,sports ball,599,505,603,509,25.948431730270386,center,320,200,960,600
1714491108.3606977,1714491108.3606977,0.0,frisbee,613,517,599,504,26.01778531074524,center,320,200,960,600
1714491108.4321647,1714491108.4321647,0.0,frisbee,613,517,616,520,26.08925223350525,center,320,200,960,600
1714491108.4971673,1714491108.4971673,0.0,sports ball,626,531,600,506,26.154254913330078,center,320,200,960,600
1714491108.5706081,1714491108.5706081,0.0,sports ball,626,531,633,537,26.22769570350647,center,320,200,960,600
1714491108.6357195,1714491108.6357195,0.0,sports ball,626,531,635,540,26.29280710220337,center,320,200,960,600
1714491108.7072992,1714491108.7072992,0.0,sports ball,652,557,632,536,26.364386796951294,center,320,200,960,600
1714491108.7083008,1714491108.7083008,0.0,frisbee,652,558,618,521,26.3653883934021,center,320,200,960,600
1714491108.7762985,1714491108.7762985,0.0,sports ball,652,557,661,566,26.433386087417603,center,320,200,960,600
1714491108.7772956,1714491108.7772956,0.0,frisbee,652,558,664,570,26.434383153915405,center,320,200,960,600
1714491108.8439908,1714491108.8439908,0.0,frisbee,666,572,667,574,26.501078367233276,center,320,200,960,600
1714491108.845116,1714491108.845116,0.0,sports ball,666,571,662,567,26.502203464508057,center,320,200,960,600
1714491108.91371,1714491108.91371,0.0,frisbee,666,572,678,585,26.57079768180847,center,320,200,960,600
1714491108.9147108,1714491108.9147108,0.0,sports ball,666,571,675,580,26.57179832458496,center,320,200,960,600
1714491108.9857047,1714491108.9857047,0.0,frisbee,666,572,675,581,26.642792224884033,center,320,200,960,600
1714491108.9867048,1714491108.9867048,0.0,sports ball,666,571,673,578,26.643792390823364,center,320,200,960,600
1714491109.0527053,1714491109.0527053,0.0,frisbee,679,584,670,576,26.709792852401733,center,320,200,960,600
1714491109.116744,1714491109.116744,0.0,frisbee,680,584,684,588,26.773831605911255,center,320,200,960,600
1714491109.1827624,1714491109.1827624,0.0,frisbee,680,584,685,588,26.839849948883057,center,320,200,960,600
1714491109.249817,1714491109.249817,0.0,frisbee,680,584,683,586,26.906904458999634,center,320,200,960,600
1714491109.320946,1714491109.320946,0.0,frisbee,706,611,681,585,26.978033542633057,center,320,200,960,600
1714491109.386965,1714491109.386965,0.0,frisbee,706,611,712,618,27.044052600860596,center,320,200,960,600
1714491109.455967,1714491109.455967,0.0,frisbee,706,611,715,620,27.113054513931274,center,320,200,960,600
1714491109.5269647,1714491109.5269647,0.0,sports ball,719,624,670,575,27.184052228927612,center,320,200,960,600
1714491109.5964057,1714491109.5964057,0.0,sports ball,719,624,733,638,27.253493309020996,center,320,200,960,600
1714491109.6635735,1714491109.6635735,0.0,sports ball,719,624,738,643,27.320661067962646,center,320,200,960,600
1714491109.7346675,1714491109.7346675,0.0,sports ball,719,624,731,636,27.39175510406494,center,320,200,960,600
1714491109.8026686,1714491109.8026686,0.0,sports ball,719,624,724,629,27.45975613594055,center,320,200,960,600
1714491109.863862,1714491109.863862,0.0,frisbee,746,651,712,617,27.520949602127075,Nearness,320,200,960,600
1714491109.8648672,1714491109.8648672,0.0,sports ball,746,650,721,626,27.521954774856567,Nearness,320,200,960,600
1714491109.9378624,1714491109.9378624,0.0,frisbee,746,651,758,663,27.594949960708618,Nearness,320,200,960,600
1714491109.9393597,1714491109.9393597,0.0,sports ball,746,650,753,656,27.596447229385376,Nearness,320,200,960,600
1714491110.0123944,1714491110.0123944,0.0,frisbee,746,651,761,666,27.669481992721558,Nearness,320,200,960,600
1714491110.0135393,1714491110.0135393,0.0,sports ball,746,650,755,659,27.670626878738403,Nearness,320,200,960,600
1714491110.0872693,1714491110.0872693,0.0,frisbee,746,651,755,660,27.744356870651245,Nearness,320,200,960,600
1714491110.0886672,1714491110.0886672,0.0,sports ball,746,650,752,655,27.745754718780518,Nearness,320,200,960,600
1714491110.1636777,1714491110.1636777,0.0,sports ball,759,664,748,652,27.820765256881714,Nearness,320,200,960,600
1714491110.2382476,1714491110.2382476,0.0,sports ball,759,664,763,668,27.89533519744873,Nearness,320,200,960,600
1714491110.3106217,1714491110.3106217,0.0,sports ball,759,664,764,669,27.96770930290222,Nearness,320,200,960,600
1714491112.0138962,1714491112.0138962,0.0,frisbee,906,677,887,705,29.67098379135132,Nearness,320,200,960,600
1714491112.0163498,1714491112.0163498,0.0,sports ball,906,678,902,681,29.673437356948853,Nearness,320,200,960,600
1714491112.081841,1714491112.081841,0.0,frisbee,906,677,915,670,29.73892855644226,Nearness,320,200,960,600
1714491112.082925,1714491112.082925,0.0,sports ball,906,678,913,670,29.740012645721436,Nearness,320,200,960,600
1714491112.156935,1714491112.156935,0.0,frisbee,933,651,916,666,29.814022541046143,Nearness,320,200,960,600
1714491112.1579332,1714491112.1579332,0.0,sports ball,933,651,912,671,29.81502079963684,Nearness,320,200,960,600
1714491112.232043,1714491112.232043,0.0,frisbee,933,651,945,638,29.88913059234619,Nearness,320,200,960,600
1714491112.2330437,1714491112.2330437,0.0,sports ball,933,651,943,640,29.89013123512268,Nearness,320,200,960,600
1714491112.2990427,1714491112.2990427,0.0,frisbee,933,651,945,638,29.956130266189575,Nearness,320,200,960,600
1714491112.3000464,1714491112.3000464,0.0,sports ball,933,651,944,639,29.957134008407593,Nearness,320,200,960,600
1714491112.3692198,1714491112.3692198,0.0,sports ball,946,638,939,644,30.026307344436646,center,320,200,960,600
1714491112.4339182,1714491112.4339182,0.0,sports ball,946,638,952,631,30.09100580215454,center,320,200,960,600
1714491112.5089293,1714491112.5089293,0.0,sports ball,959,625,951,632,30.166016817092896,center,320,200,960,600
1714491112.5759323,1714491112.5759323,0.0,sports ball,959,625,965,618,30.233019828796387,center,320,200,960,600
1714491112.6399329,1714491112.6399329,0.0,sports ball,972,612,965,618,30.297020435333252,center,320,200,960,600
1714491112.6409292,1714491112.6409292,0.0,frisbee,973,610,940,643,30.298016786575317,center,320,200,960,600
1714491112.7119296,1714491112.7119296,0.0,sports ball,972,612,978,605,30.369017124176025,center,320,200,960,600
1714491112.7131596,1714491112.7131596,0.0,frisbee,973,610,986,596,30.37024712562561,center,320,200,960,600
1714491112.7841787,1714491112.7841787,0.0,sports ball,972,612,978,605,30.441266298294067,center,320,200,960,600
1714491112.7852614,1714491112.7852614,0.0,frisbee,973,610,988,593,30.442348957061768,center,320,200,960,600
1714491112.8542678,1714491112.8542678,0.0,sports ball,986,598,975,608,30.51135540008545,center,320,200,960,600
1714491112.917268,1714491112.917268,0.0,sports ball,986,598,990,593,30.574355602264404,center,320,200,960,600
1714491112.9867668,1714491112.9867668,0.0,sports ball,986,598,991,592,30.64385437965393,center,320,200,960,600
1714491113.0504804,1714491113.0504804,0.0,sports ball,986,598,989,594,30.707567930221558,center,320,200,960,600
1714491113.1234906,1714491113.1234906,0.0,sports ball,986,598,987,596,30.780578136444092,center,320,200,960,600
1714491113.1950278,1714491113.1950278,0.0,frisbee,999,584,982,600,30.852115392684937,center,320,200,960,600
1714491113.263815,1714491113.263815,0.0,frisbee,999,584,1009,573,30.920902490615845,center,320,200,960,600
1714491113.3340437,1714491113.3340437,0.0,sports ball,1025,558,986,597,30.99113130569458,Nearness,320,200,960,600
1714491113.406005,1714491113.406005,0.0,sports ball,1025,558,1034,548,31.063092470169067,Nearness,320,200,960,600
1714491113.4802108,1714491113.4802108,0.0,sports ball,1039,545,1039,543,31.137298345565796,Nearness,320,200,960,600
1714491113.5515864,1714491113.5515864,0.0,sports ball,1039,545,1051,532,31.20867395401001,Nearness,320,200,960,600
1714491113.621301,1714491113.621301,0.0,sports ball,1039,545,1048,535,31.278388500213623,Nearness,320,200,960,600
1714491118.4347248,1714491118.4347248,0.0,frisbee,1039,144,1062,166,36.09181237220764,Nearness,320,200,960,600
1714491118.5007362,1714491118.5007362,0.0,frisbee,1039,144,1011,116,36.15782380104065,Nearness,320,200,960,600
1714491118.569479,1714491118.569479,0.0,frisbee,1039,144,1013,119,36.226566553115845,Nearness,320,200,960,600
1714491118.6434834,1714491118.6434834,0.0,frisbee,1026,131,1024,130,36.30057096481323,Nearness,320,200,960,600
1714491118.708474,1714491118.708474,0.0,frisbee,1026,131,1016,121,36.36556148529053,Nearness,320,200,960,600
1714491118.7814763,1714491118.7814763,0.0,frisbee,1026,131,1019,124,36.43856382369995,Nearness,320,200,960,600
1714491118.8469217,1714491118.8469217,0.0,frisbee,1026,131,1022,127,36.50400924682617,Nearness,320,200,960,600
1714491118.9199219,1714491118.9199219,0.0,frisbee,1026,131,1024,129,36.577009439468384,Nearness,320,200,960,600
1714491119.27141,1714491119.27141,0.0,frisbee,972,132,1025,130,36.928497552871704,Nearness,320,200,960,600
1714491119.3387148,1714491119.3387148,0.0,frisbee,972,132,958,132,36.99580240249634,Nearness,320,200,960,600
1714491119.4107156,1714491119.4107156,0.0,frisbee,972,132,952,132,37.067803144454956,Nearness,320,200,960,600
1714491120.3140388,1714491120.3140388,0.0,frisbee,906,197,959,132,37.971126317977905,center,320,200,960,600
1714491120.4272275,1714491120.4272275,0.0,frisbee,906,197,883,212,38.084315061569214,center,320,200,960,600
1714491120.528086,1714491120.528086,0.0,frisbee,906,197,879,220,38.18517351150513,center,320,200,960,600
1714491120.617536,1714491120.617536,0.0,sports ball,892,211,1103,208,38.27462363243103,center,320,200,960,600
1714491570.2575629,1714491572.6515746,2.3940117359161377,sports ball,1040,225,1106,158,7.352883815765381,Nearness,320,200,960,600
1714491572.7220626,1714491574.86972,2.1476573944091797,sports ball,1040,225,1024,240,9.57102918624878,Nearness,320,200,960,600
1714491574.9497187,1714491577.0907562,2.1410374641418457,sports ball,1040,225,1016,249,11.792065382003784,Nearness,320,200,960,600
1714491593.447452,1714491596.8528264,3.40537428855896,sports ball,1040,225,1106,158,8.860391616821289,Nearness,320,200,960,600
1714491596.9119022,1714491600.0501406,3.1382384300231934,sports ball,1040,225,1024,240,12.057705879211426,Nearness,320,200,960,600
1714491600.127076,1714491603.2635443,3.1364684104919434,sports ball,1040,225,1016,249,15.271109580993652,Nearness,320,200,960,600
